<!DOCTYPE html PUBLIC "-//W3C//DTD XHTML 1.0 Strict//EN" "http://www.w3.org/TR/xhtml1/DTD/xhtml1-strict.dtd">
<html xmlns="http://www.w3.org/1999/xhtml" lang="en" xml:lang="en">
<head>
	<meta http-equiv="Content-Type" content="text/html; charset=utf-8" />
	<meta http-equiv="Content-Language" content="en" />
	<meta http-equiv="Content-Style-Type" content="text/css" />
	<meta http-equiv="Content-Script-Type" content="text/javascript" />
	<meta http-equiv="imagetoolbar" content="no" />
	<link rel="stylesheet" href="../css/general.css" type="text/css" media="all" />
	<link rel="shortcut icon" href="../favicon.ico" type="image/x-icon" />
	<title>WIDE:About WIDE:Member</title>
</head>

<body>
	<div class="wrapper">
	
	  <div class="header">
	    <div id="headerlogo">
	  	    <a href="../index.html"><img src="../img/wide_logo.gif" alt="wide"></a>
		</div>

		<div id="navi">
		  <ul>
		    <li><a href="../index.html" id="home" class="linktext">HOME</a></li>
		    <li><a href="../news/index.html" id="news" class="linktext">NEWS</a></li>
		    <li><a href="../about/foreword.html" id="in_about" class="linktext">ABOUT</a></li>
		    <li><a href="../project/area.html" id="projects" class="linktext">PROJECTS</a></li>
		  </ul>
		</div>

	    <div id="lang">
		  <a href="member-j.shtml"><img src="../img/lang_japanese.gif" alt="japanese"></a><img 
		  src="../img/lang_tate.gif" alt=""><img src="../img/lang_english.gif" alt="english">
		</div>
	  </div>
	
	<div class="sidemenu1">
	 <ul>
	   <li><a href="../news/index.html"><img src="../img/menu_ne.gif" alt="news event"></a>
	     <ul>
	       <li><a href="../news/index.html" id="press" class="linktext">Press Release</a></li>
	       <li><a href="../news/event/index.html" id="event" class="linktext">News/Event</a></li>
	     </ul>
	   </li>

	   <li><a href="../about/foreword.html"><img src="../img/menu_about.gif" alt="about wide"></a>
	     <ul>
	       <li><a href="../about/foreword.html" id="foreword" class="linktext">Foreword</a></li>
	       <li><a href="../about/background.html" id="concept" class="linktext">Background</a></li>
	       <li><a href="../about/research.html" id="research" class="linktext">Research Area</a></li>
	       <li><a href="../about/relationship.html" id="relation" class="linktext">Relationship</a></li>
	       <li><a href="../about/history.html" id="history" class="linktext">History</a></li>
	       <li><a href="../about/sponsor.html" id="sponsor" class="linktext">Sponsor</a></li>
	       <li><a href="../about/member.shtml" id="member2" class="linktext">Member</a></li>
	       <li><a href="../about/participation.html" id="join" class="linktext">Joining WIDE</a></li>
	       <li><a href="../about/widegrip.html" id="widegrip" class="linktext">WIDE Grip</a></li>		   
	     </ul>
	   </li>

	   <li><a href="../project/area.html"><img src="../img/menu_project.gif" alt="projects"></a>
	     <ul>
	       <li><a href="../project/area.html" id="area-wg" class="linktext">Area Workgroup</a></li>
		   	<ul class="hide">
			  <li><a href="../project/Internet.html" id="area-wg-i" class="linktext">Internet Area</a></li>
			  <li><a href="../project/transport.html" id="area-wg-t" class="linktext">Transport Area</a></li>
			  <li><a href="../project/security.html" id="area-wg-s" class="linktext">Security Area</a></li>
			  <li><a href="../project/operation.html" id="area-wg-o" class="linktext">Operation/Management Area</a></li>
			  <li><a href="../project/application.html" id="area-wg-a" class="linktext">Application Area</a></li>
			  <li><a href="../project/general.html" id="area-wg-g" class="linktext">General and Deployment Area</a></li>
			  <li><a href="../project/concluded.html" id="area-wg-concluded" class="linktext">concluded WorkingGroup"</a></li>
			</ul>
	       <li><a href="../project/network_operation.html" id="networkop" class="linktext">Network Operation</a></li>
	       <li><a href="../project/document.html" id="document" class="linktext">document</a></li>
	       <li><a href="../project/software.html" id="software" class="linktext">software</a></li>
	     </ul>
	   </li>
	 </ul>
	</div>
	<div class="main">
	<div id="contents">
	  <div id="content">
	    <h1><img src="../img/about_wide.gif" alt="about wide"></h1>
				<h2>Member</h2>
				<h3>Board Member List</h3>
<div align="right" class="fontSize-1">22 members, as of 2013/8/20 9:30:13 JST</div>
<dl compact>
<dt>
<dd>
<a href="http://www.iijlab.net/~kjc/">Kenjiro Cho</a><br>
<a href="http://hiroshi1.hongo.wide.ad.jp/hiroshi/index.html">Hiroshi Esaki</a><br>
Youki Kadobayashi<br>
Akira Kato<br>
<a href="http://www.nuee.nagoya-u.ac.jp/labs/kawaguti/person/index.en.html">Nobuo Kawaguchi</a><br>
<a href="http://web.sfc.keio.ac.jp/~rdv/">Rodney Van Meter</a><br>
<a href="http://www.sfc.wide.ad.jp/~jun/">Jun Murai</a><br>
Osamu Nakamura<br>
Hideya Ochiai<br>
<a href="http://www.fumi.org/">Masafumi Oe</a><br>
Keiko Okawa<br>
Atsushi Onoe<br>
Kenji Saito<br>
Yuji Sekiya<br>
<a href="http://member.wide.ad.jp/~shima/index.html.en">Keiichi Shima</a><br>
Yoichi Shinoda<br>
Hideki Sunahara<br>
Shigeya Suzuki<br>
Jun Takei<br>
Satoshi Uda<br>
<a href="http://www.sfc.wide.ad.jp/~kei/">Keisuke Uehara</a><br>
<a href="http://iplab.aist-nara.ac.jp/member/suguru/">Suguru Yamaguchi</a><br>
</dl>
<hr size="2">
<a name="member"></a>
<h3>Member List</h3>
<div align="right" class="fontSize-1">977 members, as of 2013/8/20 9:30:13 JST</div>
<dl compact>
<dt>A
<dd>
Odira Elisha Abade<br>
Hiroshi Abe<br>
Manabu Adachi<br>
Yoshitaka Aharen<br>
Reiji Aibara<br>
Hideyuki Aikawa<br>
Shigechika Aikawa<br>
Hiroyuki Aizu<br>
Masayuki Akamatsu<br>
Yukiyo Akisada<br>
Hiroko Akiyama<br>
Toyokazu Akiyama<br>
Junko Ami<br>
Daisuke Ando<br>
Kazunori Ando<br>
Masato Ando<br>
Jo Aoe<br>
Daisuke Aoki<br>
Nobuyuki Aoki<br>
Rika Aoki<br>
Sayaka Aoki<br>
Tetsuo Aoki<br>
Kei Aoyama<br>
Luciano Aparicio<br>
<a href="http://www.e-side.co.jp/">Hidekazu Arai</a><br>
Ismail Arai<br>
Akira Arakawa<br>
Masafumi Aramoto<br>
Seiji Ariga<br>
<a href="http://www.iij.ad.jp/people/network-eng/asaba.html">Toshiya Asaba</a><br>
<a href="http://www.sfc.wide.ad.jp/~asaeda/">Hitoshi Asaeda</a><br>
Hirochika Asai<br>
Masahiro Asako<br>
Tohru Asami<br>
Kazuo Asano<br>
Rei S. Atarashi<br>
Yoshifumi Atarashi<br>
Ros Sam Ath<br>
Yuki Atsuya<br>
Souheil Ben Ayed<br>
<dt>B
<dd>
Shingo Baba<br>
Tomomitsu Baba<br>
Ryoji Ban<br>
Tatsuo Bando<br>
Achmad Basuki<br>
<a href="http://www.starbed.org/~razvan">Razvan Beuran</a><br>
<a href="http://iplab.aist-nara.ac.jp/~gregory/index.php?lang=en">Gregory Blanc</a><br>
<dt>C
<dd>
Sergio Carrilho<br>
Toshikazu Chachin<br>
Noppawat Chaisamran<br>
Weichang Chen<br>
Toshiyuki Chigira<br>
<a href="http://www.jaist.ac.jp/~k-chinen">Ken-ichi Chinen</a><br>
Tasuku Chiyo<br>
<a href="http://www.iijlab.net/~kjc/">Kenjiro Cho</a><br>
Soohyun Cho<br>
Sunseong Choe<br>
Kilnam Chon<br>
<dt>D
<dd>
Toshimitsu Dan<br>
Tomohiro Date<br>
Sebastien Decugis<br>
Kazuo Doi<br>
Yusuke Doi<br>
<dt>E
<dd>
Chihiro Ebara<br>
<a href="http://www.soum.co.jp/~jun/">Jun Ebihara</a><br>
Tsuyoshi Ebina<br>
<a href="http://www.denso.co.jp/en/">Masumi Egawa</a><br>
Keijiro Ehara<br>
Keigo Emura<br>
Hideyuki Endo<br>
Masahito Endo<br>
<a href="http://www.intec.co.jp/">Takahiro Endo</a><br>
Yu Enokibori<br>
Masatoshi Enomoto<br>
<a href="http://www.sfc.wide.ad.jp/~ernst">Thierry Ernst</a><br>
<a href="http://hiroshi1.hongo.wide.ad.jp/hiroshi/index.html">Hiroshi Esaki</a><br>
<a href="http://www007.upp.so-net.ne.jp/iorin/xcast.html">Yutaka Ezaki</a><br>
<dt>F
<dd>
Doudou Fall<br>
Mohamad Dikshie Fauzie<br>
<a href="http://romain.fontugne.free.fr">Romain Fontugne</a><br>
<a href="http://www.wide.ad.jp/~fujie/">Masanori Fujie</a><br>
Shunsuke Fujieda<br>
Naoto Fujii<br>
Satoshi Fujii<br>
Kenji Fujikawa<br>
Shinichi Fujikawa<br>
Daiki Fujimoto<br>
Tadashi Fujimoto<br>
Naomi Fujimura<br>
Tomohiro Fujisaki<br>
Sho Fujita<br>
Yoshikatsu Fujita<br>
Hirotaka Fujiwara<br>
Kazuhiro Fujiwara<br>
<a href="http://member.wide.ad.jp/~fujiwara/">Kazunori Fujiwara</a><br>
Ryo Fujiwara<br>
Yusuke Fujiwara<br>
Tetsuo Fukasawa<br>
Keiichi Fukuda<br>
Kensuke Fukuda<br>
Nobuhiko Fukuda<br>
Teppei Fukuda<br>
Yutaka Fukuda<br>
Tatsuya Fukui<br>
Atsushi Fukumoto<br>
Shoichiro Fukuyama<br>
Takaaki Funayanagi<br>
Yasuyuki Furukawa<br>
Kenichi Fusano<br>
Naoki Fushimi<br>
<dt>G
<dd>
Marius Georgescu<br>
SeongWon Go<br>
Takuya Goshima<br>
Wataru Goto<br>
Masamichi Goudge<br>
Chen Gu<br>
<dt>H
<dd>
Hisakazu Hada<br>
Atsushi Hagiwara<br>
Haruna Hamahashi<br>
Qicheng Han<br>
Takahiro Hara<br>
Akari Harada<br>
Michiko Harayama<br>
<a href="http://www.wide.ad.jp/~hasebe/">Katsuyuki Hasebe</a><br>
Takashi Hasegawa<br>
Akihito Hashimoto<br>
Kazuki Hashimoto<br>
Kozo Hashimoto<br>
Masashi Hashimoto<br>
Mikio Hashimoto<br>
Genya Hataketama<br>
Toshiaki Hatano<br>
Kazusige Hatori<br>
Akiko Hattori<br>
Atsushi Hattori<br>
Hiroyuki Hattori<br>
Shoma Hattori<br>
<a href="http://www.iis.u-tokyo.ac.jp/~rin/index-e.html">Hiroshi Hayashi</a><br>
Ryo Hayashi<br>
Satoko Hayashi<br>
Hiroaki Hazeyama<br>
Seonmeyong Heo<br>
Heryanto<br>
Masayoshi Hibino<br>
Kaoru Hieda<br>
Hiromi Higa<br>
Yuka Higashi<br>
<a href="http://higashida.net/manabu/">Manabu Higashida</a><br>
Hiroshi Higuchi<br>
Yosuke Himura<br>
<a href="http://www.sfc.wide.ad.jp/~zenigata">Tetsuji Hino</a><br>
Kei Hiroi<br>
Tatsuya Hiroishi<br>
<a href="http://www.hiroishi.org/~to-ru/">Toru Hiroishi</a><br>
Kobayashi Hiroki<br>
Ruri Hiromi<br>
Masaharu Hirose<br>
Ryota Hirose<br>
Shun Hirose<br>
Shin-ichi Hisamatsu<br>
Tsuyoshi Hisamatsu<br>
Nguyen Nam Hoai<br>
Tran Quoc Hoan<br>
Hideki Homma<br>
<a href="http://www.micchie.net/">Michio Honda</a><br>
Shinya Hori<br>
<a href="http://itslab.csce.kyushu-u.ac.jp/~hori/">Yoshiaki Hori</a><br>
Katsuhiro Horiba<br>
Hiroaki Horigome<br>
Hajime Horikoshi<br>
Clare Horsman<br>
Tsuyoshi Hoshina<br>
<dt>I
<dd>
Akira Ichie<br>
shinji ichien<br>
Takemine Ichimaru<br>
Yoshihiro Ida<br>
Motoki Ide<br>
<a href="http://www.intec-si.co.jp/english/">Genta Iha</a><br>
Nobuo Iiduka<br>
Minoru Ikebe<br>
Kenji Ikeda<br>
Masahiro Ikeda<br>
Masahiro Ikeda<br>
Hiroyuki Ikegami<br>
<a href="http://www.net.ecs.kyutech.ac.jp/">Takeshi Ikenaga</a><br>
Tomonori Ikuse<br>
Masakazu Imai<br>
Yuji Imai<br>
Hideaki Imaizumi<br>
Ayaka Imaki<br>
Hideyo Imazu<br>
Tariq Muhammad Imran<br>
Ryu Inada<br>
Atsuo Inomata<br>
Shingo Inomata<br>
Atsushi Inoue<br>
Hiroyuki Inoue<br>
Hiroyuki Inoue<br>
<a href="http://www.re.soum.co.jp/~inoue">Kiyoshi Inoue</a><br>
Koichi Inoue<br>
Satoshi Inoue<br>
Takahiro Inoue<br>
Tomoya Inoue<br>
Yoshinobu Inoue<br>
Yuichi Inoue<br>
Hitoshi Irino<br>
Noriyoshi Iseki<br>
Masanobu Iseri<br>
Hisatake Ishibashi<br>
<a href="http://www.sfc.wide.ad.jp/~ishbash/index-e.html">Keiichirou Ishibashi</a><br>
<a href="http://www.iamas.ac.jp/index_E.html">Akira Ishida</a><br>
Atsushi Ishida<br>
Hiroshi Ishida<br>
Shinichi Ishida<br>
Shinichi Ishida<br>
Takaaki Ishida<br>
Wataru Ishida<br>
Yoshiki Ishida<br>
Shunya Ishigane<br>
<a href="http://www.kddi.com/english/">Kiyoteru Ishihara</a><br>
Takeshi Ishihara<br>
Tomohiro Ishihara<br>
Tomohiro Ishihara<br>
Makoto Ishii<br>
Masahiro Ishii<br>
Shuji Ishii<br>
Tohru Ishii<br>
Kimiko Ishikawa<br>
Yusuke Ishiwata<br>
Masahiro Ishiyama<br>
Kaori Ishizaki<br>
Hiroki Ishizuka<br>
Eiichi Ito<br>
Mika Ito<br>
Takamori Ito<br>
Eisuke Itoh<br>
Seiji Iwahara<br>
Kouji Iwahashi<br>
Keisuke Iwai<br>
Takanori Iwai<br>
Yuma Iwamoto<br>
Yohei Iwasaki<br>
Kodai Iwata<br>
Ryohei Iwata<br>
<a href="http://www.izawa.org/">Yukimitsu Izawa</a><br>
Shinnosuke Izu<br>
Michiko Izumi<br>
Yutaka Izumi<br>
<dt>J
<dd>
Ole Jacobsen<br>
Peng Jiang<br>
Masato Jingu<br>
<a href="http://www.jinmei.org/">Tatuya Jinmei</a><br>
Shimada Junichi<br>
<dt>K
<dd>
Youki Kadobayashi<br>
Miyuki Kadota<br>
Hideaki Kagesawa<br>
<a href="http://www.sfc.wide.ad.jp/~kaizaki/">Ryo Kaizaki</a><br>
Katsuhiko Kaji<br>
Yuki Kaji<br>
Hiroki Kajihara<br>
<a href="http://www.aist-nara.ac.jp/%7Emasato-k/">Masatoshi Kakiuchi</a><br>
Ken'ichi Kamada<br>
Youichi Kamei<br>
Naoyasu Kamiya<br>
Yuko Kamiya<br>
Yuka Kamizuru<br>
<a href="https://github.com/kanreisa">Yuki Kan</a><br>
Akira Kanai<br>
Yoshihiko Kanaumi<br>
Takeaki Kanaya<br>
Kenichi Kanayama<br>
<a href="http://www.karaba.org/~mk/">Mitsuru Kanda</a><br>
Shinya Kanda<br>
<a href="http://www.hongo.wide.ad.jp/~keiichi/">Keiichi Kaneko</a><br>
Kunitake Kaneko<br>
Toshio Kaneko<br>
Yu Kaneko<br>
Sho Kanemaru<br>
Yohei Kanemaru<br>
Kazuki Kano<br>
Shuichi Karino<br>
<a href="http://www.nc.kyushu-u.ac.jp/~kasahara/index.html.en">Yoshiaki Kasahara</a><br>
Shigeru Kashihara<br>
Hiroaki Kashima<br>
Masahiro Kashiwagi<br>
Takehiko Kashiwagi<br>
Kotaro Kataoka<br>
Osamu Kataoka<br>
Akira Kato<br>
Ichiro Kato<br>
Jun-ya Kato<br>
Kuniaki Kato<br>
Midori Kato<br>
Noriyasu Kato<br>
Seiichi Kato<br>
Satoshi Katsuno<br>
Takashi Kawaai<br>
Haruyuki Kawabe<br>
Hironori Kawaguchi<br>
<a href="http://www.nuee.nagoya-u.ac.jp/labs/kawaguti/person/index.en.html">Nobuo Kawaguchi</a><br>
Seiya Kawaguchi<br>
Shinji Kawaguchi<br>
Toshio Kawahara<br>
Eiji Kawai<br>
Jun Kawai<br>
Hiromi Kawakami<br>
Tetsuya Kawakami<br>
Yuya Kawakami<br>
Yuusuke Kawakita<br>
Mitsuaki Kawamorita<br>
Masaya Kawamoto<br>
Rui Kawamoto<br>
Yoshihisa Kawamoto<br>
Hiroshi Kawazoe<br>
Matuzono Kazuhisa<br>
Sho Kazui<br>
Glenn Mansfield Keeni<br>
Mariko Kida<br>
Yutaka Kidawara<br>
Sei Kigoshi<br>
Norifumi Kikkawa<br>
<a href="http://www.ep.u-tokai.ac.jp/~kikn">Hiroaki Kikuchi</a><br>
Takahiro Kikuchi<br>
<a href="http://www.ohnolab.org/~kimoto/">Masahiko Kimoto</a><br>
Mizuki Kimoto<br>
Sho Kimura<br>
Taiji Kimura<br>
Toshihiro Kimura<br>
Akira Kinoshita<br>
Atsushi Kinoshita<br>
Minoru Kinoshita<br>
Hirotoshi Kishi<br>
Nobuko Kishi<br>
Yoshitaka Kitada<br>
Yoshiaki Kitaguchi<br>
Tsuyoshi Kitajima<br>
<a href="http://www.jp.apan.net">Yasuichi Kitamura</a><br>
Makoto Kitani<br>
Yoshinori Kitatsuji<br>
Yuji Kizuka<br>
Katsushi Kobayashi<br>
Kazumasa Kobayashi<br>
Kazuto Kobayashi<br>
Keisuke Kobayashi<br>
Mami Kobayashi<br>
Satoru Kobayashi<br>
Shigeru Kobayashi<br>
Shinji Kobayashi<br>
Yuuki Kobayashi<br>
Susumu Kodakari<br>
Yutaka Kogure<br>
Yasuhiro Kohata<br>
Eitaro Kohno<br>
Tomohiko Kohno<br>
Kazuhide Koide<br>
Toshio Koide<br>
Tsuneyuki Koikeda<br>
Masahiko Koizumi<br>
Hiromi Komatsu<br>
Takaaki Komatsu<br>
Satoshi Kondo<br>
Takao Kondo<br>
Tohru Kondo<br>
Kazunobu Konishi<br>
Kyoji Konishi<br>
Yukinori Konno<br>
Hiroaki Kono<br>
Takatoshi Konomoto<br>
Ryota Kosaka<br>
Susumu Koshiba<br>
Hironobu Koura<br>
Yasuyuki Kozakai<br>
Masahiro Kozuka<br>
Takahiro Kubo<br>
Takuya Kubo<br>
Toshiyuki Kubo<br>
Noriatsu Kudo<br>
Ken'ichi Kudou<br>
Yohei Kuga<br>
Seiji Kumagai<br>
Miyoko Kumaki<br>
Kazuya Kumekawa<br>
<a href="http://www.softopia.or.jp/en/index.html">Taku Kunii</a><br>
Akashi Kunio<br>
Mitsunobu Kunishi<br>
Koichi Kunitake<br>
Kazumasa Kure<br>
Yusaku Kurita<br>
Takakazu Kurokawa<br>
Hidekazu Kuroki<br>
Yusuke Kuromiya<br>
Takahiro Kurosawa<br>
Yoshitoshi Kurose<br>
Nao Kusaka<br>
Chiaki Kusakari<br>
Hiroyuki Kusumoto<br>
Takeshi Kusune<br>
Dongjin Kwak<br>
Paik Eun Kyoung<br>
<dt>L
<dd>
Khin Thida Latt<br>
Jaehwa Lee<br>
Seongnyeon Lee<br>
Sunglim Lee<br>
Dongkwon Lim<br>
Xiaohan Liu<br>
Jean Lorchat<br>
Le Ricky Lu<br>
<dt>M
<dd>
<a href="http://lab.ipc.hiroshima-cu.ac.jp/kaori/">Kaori Maeda</a><br>
Takamasa Maeda<br>
Tomotaka Maeda<br>
Ippei Maeta<br>
Yasumitsu Makino<br>
Toru Mamada<br>
Bill Manning<br>
Buranachokphaisan Manussanun<br>
Kaiyi Mao<br>
Shohei Maruta<br>
<a href="http://www.marushin.gr.jp/">Shin Maruyama</a><br>
Mizutani Masayoshi<br>
Kazuki Masuda<br>
Kensaku Masuda<br>
<a href="http://www.masken.jp/">Kenji Masui</a><br>
Yuta Masumoto<br>
Takanobu Masuzuki<br>
Hisatsugu Matsuba<br>
Takanari Matsuda<br>
Kazuoki Matsugatani<br>
Naoki Matsuhira<br>
Takuya Matsuhira<br>
Kanae Matsui<br>
Manabu Matsui<br>
Saki Matsui<br>
Arifumi Matsumoto<br>
Satoshi Matsumoto<br>
Masanao Matsuura<br>
Satoshi Matsuura<br>
Takayasu Matsuura<br>
Takeshi Matsuya<br>
Kouki Matsuyama<br>
<a href="http://www.soum.co.jp/~ko/ko.html">Tadamichi Matsuyama</a><br>
Johan Mazel<br>
<a href="http://web.sfc.keio.ac.jp/~rdv/">Rodney Van Meter</a><br>
Takayoshi Mibe<br>
Hirohide Mikami<br>
Shoko Mikawa<br>
Shin Minakata<br>
<a href="http://www.sfc.wide.ad.jp/~minami/index-e.html">Masaki Minami</a><br>
Masato Minda<br>
Gen Mineki<br>
Hiroshi Mineno<br>
Tang Mingxin<br>
Kazuhiro Mishima<br>
Yutaro Mishima<br>
Makoto Misumi<br>
Kazufumi Mitani<br>
<a href="http://kokimitani.jp">Koki Mitani</a><br>
Ken-ichi Mito<br>
<a href="http://www.sfc.wide.ad.jp/~mitsuya/">Koushirou Mitsuya</a><br>
Jin Miura<br>
<a href="http://www.starbed.org/">Shinsuke Miwa</a><br>
Toshiyuki Miyachi<br>
Shoko Miyagawa<br>
Akira Miyajima<br>
Keita Miyajima<br>
Shin Miyakawa<br>
Akishige Miyake<br>
Shigeru Miyake<br>
Takashi Miyake<br>
Daisuke Miyamoto<br>
Yamato Miyashita<br>
Hiroshi Miyata<br>
Yasuharu Miyata<br>
<a href="http://www.yokogawa.com">Kazunori Miyazawa</a><br>
<a href="http://www.kyoto-su.ac.jp/~hxm/index.html">Hiroyuki Miyoshi</a><br>
<a href="http://www.iij.ad.jp/people/operations/miyoshi.html">Takamichi Miyoshi</a><br>
Yasuhiro Mizukoshi<br>
<a href="http://www.sptvjsat.com/">Katsunari Mizuno</a><br>
Tadanori Mizuno<br>
Iori Mizutani<br>
Masahiro Mizutani<br>
Mikio Mizutani<br>
Kei Mochida<br>
Yasunari Momoi<br>
Tsuyoshi Momose<br>
Kentaro Mori<br>
Tatsuya Mori<br>
Hirotaka Moribe<br>
Hayato Morihiro<br>
<a href="http://www.mlab.t.u-tokyo.ac.jp/~mori/">Hiroyuki Morikawa</a><br>
Seiichi Morikawa<br>
Kenji Morimoto<br>
Akitoshi Morishima<br>
Naoto Morishima<br>
Yasuhiro Orange Morishita<br>
Masahiro Morita<br>
Naoki Morita<br>
Kyohei Moriyama<br>
Ken ji Morooka<br>
Takuya Motodate<br>
Takashi Motohisa<br>
<a href="http://www.asl.cs.ritsumei.ac.jp/">Koichi Mouri</a><br>
Keisuke Muda<br>
Yasuki Mukai<br>
Yuichiro Mukai<br>
<a href="http://www.sfc.wide.ad.jp/~jun/">Jun Murai</a><br>
Shigeki Murakami<br>
Shotaro Murakami<br>
Yoko Murakami<br>
Eiichi Muramoto<br>
Daisuke Murata<br>
Hiroyuki Murayama<br>
<a href="http://www.kusa.ac.jp/~yukio-m/indexe.html">Yukio Murayama</a><br>
Tomoki Murota<br>
<dt>N
<dd>
Hayoon Na<br>
Takeshi Nagai<br>
Kenichi Nagami<br>
Masahiro Nagao<br>
Tadaaki Nagao<br>
Shota Nagayama<br>
Hiroki Nakagami<br>
Hisashi Nakagawa<br>
Ikuo Nakagawa<br>
Kiyohiro Nakagawa<br>
<a href="http://spring.ngi-lab.org/staff/nakagawa">Shin-ichi Nakagawa</a><br>
Yasushi Nakagawa<br>
Asuka Nakajima<br>
Hirotaka Nakajima<br>
Shu Nakamae<br>
Atsushi Nakamura<br>
Masahide Nakamura<br>
Motonori Nakamura<br>
Osamu Nakamura<br>
Ryo Nakamura<br>
Shinya Nakamura<br>
Tetsuya Nakamura<br>
Yasuhiro Nakamura<br>
Yuichi Nakamura<br>
Yutaka Nakamura<br>
<a href="http://NAKANE-Masafumi.jp/index.html.en">Masafumi Nakane</a><br>
Tetsuhiro Nakane<br>
Kensuke Nakanishi<br>
Hiroki Nakano<br>
Yoshihiro Nakao<br>
Megumi Nakasato<br>
Naohito Nakasato<br>
Tomohiro Nakashima<br>
Toshiaki Nakatsu<br>
Kiyohide Nakauchi<br>
<a href="http://www.kz.tsukuba.ac.jp/~nakauchi/">Yasushi Nakauchi</a><br>
Masahiro Nakayama<br>
<a href="http://nashi.nc.u-tokyo.ac.jp/">Masaya Nakayama</a><br>
Takao Nakayama<br>
<a href="http://kokifpen.com/">Koki Nakayasu</a><br>
Jin Nakazawa<br>
Akira Namatame<br>
Norio Nambu<br>
Hirokazu Naoe<br>
Keisuke Narita<br>
Daisuke Naruse<br>
Takahiro Nemoto<br>
Hideaki Nii<br>
<a href="http://web.sfc.wide.ad.jp/~bignum/">Makoto Niimi</a><br>
Megumi Ninomiya<br>
Hiroaki Nishi<br>
Kazuto Nishi<br>
Shouhei Nishi<br>
Haruhiko Nishida<br>
Ryosuke Nishida<br>
Yoshifumi Nishida<br>
Tadashi Nishide<br>
Masahiko Nishihara<br>
Sayako Nishihara<br>
Sho Nishimoto<br>
<a href="http://home.hiroshima-u.ac.jp/kouji/">Kouji Nishimura</a><br>
Yasushi Nishimura<br>
Nozomu Nishinaga<br>
Dai Nishino<br>
Takeshi Nishizawa<br>
Daiyuu Nobori<br>
Thomas Noel<br>
Satoru Noguchi<br>
Naoki Nohira<br>
Yoshikazu Nojima<br>
Kozue Nojiri<br>
Tohru Nojiri<br>
Yuta Nonaka<br>
Daisuke Nose<br>
Shigeo Noshiro<br>
Takahiro Nozawa<br>
Susumu Numata<br>
<dt>O
<dd>
Kiyoteru Obara<br>
Hiroyasu Obata<br>
Hideya Ochiai<br>
Seio Oda<br>
Hiroyuki Odo<br>
<a href="http://www.fumi.org/">Masafumi Oe</a><br>
Nobuo Ogashiwa<br>
Akimichi Ogawa<br>
Jun Ogawa<br>
Keiko Ogawa<br>
Koji Ogawa<br>
Kazutoshi Ogura<br>
<a href="http://www.sfc.wide.ad.jp/~koh39/">Kohei Ogura</a><br>
<a href="http://www.jaist.ac.jp/~yasu/">Yasuhiro Ohara</a><br>
Katsuhide Ohashi<br>
Kenji Ohira<br>
Shuichi Ohkubo<br>
Hiroyuki Ohno<br>
Natsuki Ohno<br>
Osamu Ohno<br>
Yasuo Ohno<br>
Kohei Ohta<br>
Nobuo Okabe<br>
Yasuo Okabe<br>
Kazuya Okada<br>
Kouji Okada<br>
Mitsuo Okada<br>
Takuya Okada<br>
Yukio Okada<br>
Tomoki Okamoto<br>
Toshio Okamoto<br>
<a href="http://inet-lab.naist.jp/~yoshihiro-o/index.en.html">Yoshihiro Okamoto</a><br>
Yuko Okamoto<br>
Koji Okamura<br>
Kazuki Okano<br>
Keiko Okawa<br>
Yoshinori Okazaki<br>
Tadahisa Okimoto<br>
Kenbo Okuma<br>
Shigeru Okumura<br>
<a href="http://www.asahikawa.wide.ad.jp">Takashi Okumura</a><br>
Yusuke Okumura<br>
Yasushi Ono<br>
Atsushi Onoe<br>
Yuta Onogi<br>
Kenji Ooishi<br>
Akiko Orita<br>
Kohsuke Osaka<br>
Yasushi Osonoi<br>
Masatomo Ouchi<br>
Yoshihiro Oue<br>
Tetsuo Oura<br>
Yuki Oyabu<br>
Jun Oyano<br>
Hideyuki Ozaki<br>
<a href="http://www.toshiba.co.jp/index.htm">Satoshi Ozaki</a><br>
Takaaki Ozaki<br>
Miyuki Ozawa<br>
<a href="http://www.yokogawa.com/">Nobumichi Ozoe</a><br>
<dt>P
<dd>
Jaewoo Park<br>
Yong-jin Park<br>
Cristel Pelsser<br>
Zuotao Peng<br>
Sirikarn Pukkawanna<br>
<dt>R
<dd>
<a href="http://www.nobuoryoki.com">Nobuo Ryoki</a><br>
Hyungkeun Ryu<br>
<dt>S
<dd>
Zrelli Saber<br>
Toshiaki Saeki<br>
Akihiro Sagawa<br>
Takemi Sahara<br>
Katsura Saito<br>
Kenji Saito<br>
Shunsuke Saito<br>
Takeshi Saito<br>
Toshifumi Saito<br>
Toshiya Saito<br>
Takeo Saitoh<br>
Toshiya Saitoh<br>
Taku Sakabe<br>
Tomoya Sakaguchi<br>
Junichi Sakai<br>
Takahiko Sakai<br>
Hitoaki Sakamoto<br>
Yusuke Sakamoto<br>
<a href="http://www.tanu.org/~sakane/">Shoichi Sakane</a><br>
Yoshihito Sako<br>
Tomoyuki Sakoh<br>
Kenji Sakurada<br>
Mine Sakurai<br>
Khan Md. Anwarus Salam<br>
Yoshiki Sameshima<br>
Ryohei Sanada<br>
Naoki Sanjoba<br>
Susumu Sano<br>
Shunsuke Saruwatari<br>
Kyosuke Sasagawa<br>
Kaoru Sasaki<br>
Kazuyoshi Sasaki<br>
Ryosuke Sasaki<br>
Akira Sato<br>
Hiroshi Sato<br>
Hirotaka Sato<br>
Izuru Sato<br>
Junji Sato<br>
Masaaki Sato<br>
Ryo Sato<br>
Ryu Sato<br>
Shunsuke Sato<br>
<a href="http://paina.jp/">Taisuke Sato</a><br>
Takahiko Sato<br>
Tomomitsu Sato<br>
Akihiro SATOH<br>
Takahiko Satoh<br>
Ohta Satoshi<br>
Dan Sawada<br>
Naoya Sawada<br>
Yuko Sawai<br>
Furi Sawaki<br>
Takahiro Seino<br>
Takahisa Sekiguchi<br>
Toshinori Sekioka<br>
Yuji Sekiya<br>
Hayato Shibahara<br>
Takeshi Shibata<br>
Yasuharu Shibata<br>
Takuya Shibuta<br>
<a href="http://www.sfc.wide.ad.jp/~nazo/">Noriyuki Shigechika</a><br>
Kunihiko Shigematsu<br>
Kyosuke Shigeyasu<br>
<a href="http://member.wide.ad.jp/~shima/index.html.en">Keiichi Shima</a><br>
Komei Shimamura<br>
Akihiro Shimizu<br>
Rinto Shimizu<br>
Takashi Shimizu<br>
<a href="http://www.is.kyusan-u.ac.jp/~toshi/">Toshihiko Shimokawa</a><br>
Tomohiro Shimokawabe<br>
Osamu Shimokuni<br>
<a href="http://www.cs.tsukuba.ac.jp/~yas/">Yasushi Shinjo</a><br>
Tomonori Shino<br>
Yoichi Shinoda<br>
Shunsuke Shinomiya<br>
<a href="http://www.koozyt.com">Atsushi Shionozaki</a><br>
Shin Shirahata<br>
Toshihiro Shirai<br>
Yuya Shiraishi<br>
Hiroo Shirasaki<br>
Yasuhiro Shirasaki<br>
Kousuke Shishikura<br>
Ryuta Shohara<br>
Yuka Shori<br>
<a href="http://www.shudo.net/">Kazuyuki Shudo</a><br>
<a href="http://rp.lip6.fr/~silverst">Thomas Silverston</a><br>
<a href="http://www.netbsd.org/~soda/">Noriyuki Soda</a><br>
Naohiro Someya<br>
Linjian Song<br>
Makoto Sonoda<br>
Fumito Soyano<br>
Mami Suda<br>
<a href="http://suga.org">Yuji Suga</a><br>
Yutaro Suga<br>
Nobuhiko Sugasawa<br>
Satoru Sugihara<br>
Shinta Sugimoto<br>
Takehiro Sugita<br>
Kazunori Sugiura<br>
Akihiro Sugiyama<br>
Kazushi Sugyo<br>
Yoshihiko Suko<br>
<a href="http://www.don.to/">Munechika Sumikawa</a><br>
Hideki Sunahara<br>
Koichi Suzuki<br>
Mio Suzuki<br>
Ryoichi Suzuki<br>
Shigeya Suzuki<br>
Shinsuke Suzuki<br>
Shiori Suzuki<br>
Soh Suzuki<br>
Takafumi Suzuki<br>
Tomomi Suzuki<br>
Tsugumasa Suzuki<br>
Yuki Suzuki<br>
Yuriko Suzuki<br>
<dt>T
<dd>
Takaaki Tabuchi<br>
Hiroshi Tachibana<br>
Kazuki Tachibana<br>
Kentaro Tada<br>
Nobuhiko Tada<br>
Yuzo Taenaka<br>
Masaki Tagawa<br>
Yuichiro Tahara<br>
Hiroshi Takada<br>
Fumi Takahashi<br>
Hiroaki Takahashi<br>
Kaoru Takahashi<br>
Kohei Takahashi<br>
Takeshi Takahashi<br>
Kazuki Takai<br>
Michihisa Takai<br>
Noriaki Takamiya<br>
Yasuhito Takamiya<br>
Junko Takano<br>
Yuuki Takano<br>
Masanori Takashima<br>
Taketo Takashima<br>
Kazuhisa Takayama<br>
Keiji Takeda<br>
Koji Takeda<br>
Jun Takei<br>
Yoshihiko Takei<br>
Hiroaki Takemoto<br>
Yoshinobu Takenaga<br>
Shozo Takeoka<br>
Shohei Takeuchi<br>
Sohgo Takeuchi<br>
Yasuo Tan<br>
Hideki Tanabe<br>
Akiji Tanaka<br>
Aomi Tanaka<br>
Jin Tanaka<br>
Masahiro Tanaka<br>
Shintaro Tanaka<br>
Yasuyuki Tanaka<br>
Yoshiaki Tanaka<br>
Yosuke Tanaka<br>
Ryuuzaburou Tani<br>
Takashi Taniguchi<br>
Yu Taniguchi<br>
Yusuke Tanimura<br>
Kenichi Taniuchi<br>
Hideki Taniyama<br>
Yoshimichi Tanizawa<br>
Kazuyuki Tasaka<br>
Kouichi Tashima<br>
Shuichi Tashiro<br>
Mikito Tateishi<br>
<a href="http://www.sfc.wide.ad.jp/~atta/">Atsushi Tatsuguchi</a><br>
Tomo Tatsumi<br>
Hajime Tazaki<br>
Masanori Terada<br>
<a href="http://www.soken.ac.jp/en/index.html">Naomi Terada</a><br>
Tsubasa Teramoto<br>
Yasuhiro Teramoto<br>
<a href="http://www.tera.ics.keio.ac.jp/">Fumio Teraoka</a><br>
<a href="http://www.teu.ac.jp/media/~terasawa/index.html">Takuya Terasawa</a><br>
Sugiyama Tetsuo<br>
Achmad Husni Thamrin<br>
Yang Tianhui<br>
Nguyen Lan Tien<br>
Osamu Tobe<br>
Hiroshi Tokaku<br>
<a href="http://www.tokugawa.org/~toku/index-e.html">Yoshitaka Tokugawa</a><br>
<a href="http://www.ntt-west.co.jp/index_e2.html">Masami Tokunaga</a><br>
Yuta Tokusashi<br>
Mami Tokuyama<br>
<a href="http://www.tomilab.net/~tominaga/">Kazuto Tominaga</a><br>
Satoshi Tominaga<br>
Takashi Tomine<br>
Chisato Tomita<br>
Yoshihiro Toyama<br>
Tsuyoshi Toyono<br>
Yuki Toyoshima<br>
Trinh Minh Tri<br>
Nguyen Tran Trung<br>
Seiya Tsubone<br>
<a href="http://member.wide.ad.jp/~tsuchy/">Yasuo Tsuchimoto</a><br>
<a href="http://www.alaxala.com/en/index.html">Kazuaki Tsuchiya</a><br>
Wataru Tsuda<br>
Masashi Tsuji<br>
Koji Tsukada<br>
<a href="http://www-rocq.inria.fr/~tsukada/index.html">Manabu Tsukada</a><br>
Yasuhito Tsukahara<br>
Akira Tsukamoto<br>
Yoichi Tsukioka<br>
Satomi Tsuneta<br>
Hiroshi Tsunoda<br>
Keiji Tsunoda<br>
Masahiko Tsushima<br>
Jumpei Tsutsui<br>
Toshiyuki Tsutsumi<br>
Le Ngoc Tu<br>
<dt>U
<dd>
Yogo Uchida<br>
Eiko Uchiyama<br>
Masahiro Uchiyama<br>
Satoshi Uda<br>
Iori Ueda<br>
Hiroshi Uehara<br>
<a href="http://www.sfc.wide.ad.jp/~kei/">Keisuke Uehara</a><br>
Yuki Uehara<br>
Shinya Uemura<br>
Takashi Ueno<br>
Yukito Ueno<br>
Yu Ukai<br>
Masanobu Umeda<br>
Takashi Umeki<br>
Shingo Umeshima<br>
Ayako Uo<br>
<a href="http://yuo.nui.org/">Yojiro Uo</a><br>
Junpei Uoshima<br>
Hiroshi Ura<br>
Takeshi Usui<br>
Toshinori Usui<br>
Kazumasa Utashiro<br>
<dt>V
<dd>
Guillaume Valadon<br>
Do Thi Thuy Van<br>
<a href="http://mucc.mahidol.ac.th/~ccvvs/">Vasaka Visoottiviseth</a><br>
<dt>W
<dd>
<a href="http://www.wide.ad.jp/~wada/index.html">Eiiti Wada</a><br>
Hiromi Wakai<br>
Shirou Wakayama<br>
Shigeru Wakeshima<br>
Ryuji Wakikawa<br>
Ken WASHIKITA<br>
Naohiro Washio<br>
Akira Watanabe<br>
Haruhito Watanabe<br>
Hodaka Watanabe<br>
Ken Watanabe<br>
Kenzi Watanabe<br>
Kosuke Watanabe<br>
Masafumi Watanabe<br>
Michikazu Watanabe<br>
Miho Watanabe<br>
Rinne Watanabe<br>
Shota Watanabe<br>
Takanori Watanabe<br>
Takayuki Watanabe<br>
Yasue Watanabe<br>
<a href="http://www.sfc.wide.ad.jp/~riho-m/">Yasuhito Watanabe</a><br>
Yoshikazu Watanabe<br>
Yoshinori Watanabe<br>
Masafumi Watari<br>
<dt>Y
<dd>
Michirou Yabuki<br>
Tomoki Yada<br>
Tatsuya Yagi<br>
Kenichi Yajima<br>
Hideyuki Yamada<br>
<a href="http://www.iamas.ac.jp/index_E.html">Kouji Yamada</a><br>
Masahiro Yamada<br>
Shigeo Yamada<br>
Yusuke Yamada<br>
Yudai Yamagishi<br>
<a href="http://iplab.aist-nara.ac.jp/member/suguru/">Suguru Yamaguchi</a><br>
Kenji Yamakawa<br>
<a href="http://www.mew.org/~kazu/">Kazuhiko Yamamoto</a><br>
Kazuhiro Yamamoto<br>
<a href="http://taopaipai.hongo.wide.ad.jp/~yama/index.html">Seiichi Yamamoto</a><br>
Soh Yamamoto<br>
Kan Yamane<br>
Masato Yamanouchi<br>
Nagatsugu Yamanouchi<br>
Katsunori Yamaoka<br>
Keiichirou Yamate<br>
Makoto Yamazaki<br>
Takayuki Yamazaki<br>
Kairi Yanagida<br>
Xu Yanjue<br>
Hiroki Yano<br>
Yukiko Yano<br>
Ayumu Yasuda<br>
Shingo Yasuda<br>
Tadashi Yasumoto<br>
Yukiko Yasunaga<br>
Teruhiko Yatomi<br>
Yuan Ying<br>
Michiru Yokobori<br>
Takehiro Yokoishi<br>
Teruaki Yokoyama<br>
Takahiro Yoneda<br>
Kazuma Yonemura<br>
Shigeru Yonemura<br>
<a href="http://xn--w4ru01bw7pjno.jp/index-pc-e.html">Yoshiro Yoneya</a><br>
Seijiro Yoneyama<br>
<a href="http://www.teikan.net/hideki/index.en.html">Hideki Yoshida</a><br>
Kaoru Yoshida<br>
Kenichi Yoshida<br>
Kentaro Yoshida<br>
Masafumi Yoshida<br>
Shigeki Yoshida<br>
<a href="http://www.yoshifuji.org/~hideaki/">Hideaki Yoshifuji</a><br>
Hiroki Yoshihara<br>
Masahiko Yoshihara<br>
Chika Yoshimura<br>
Shin Yoshimura<br>
Masanobu Yuhara<br>
Yasutaka Yuuki<br>
<dt>Z
<dd>
Shu Zhang<br>
    </dl>

				<a href=""><img src="../img/page_top.gif" id="pagetop"></a>
	  </div>
    </div>
	</div>
	<div class="sidemenu2">
		<div id="login">
		  <ul>
		    <li><a href="https://member.wide.ad.jp/wide-confidential/index.html" id="login_member" class="linktext">member</a></li>
		  </ul>
		</div>
		<div id="go1">
		  <ul>
		    <li><a href="http://nspixp.wide.ad.jp/" class="line1 line2 gogif" target="_blank"><img src="../img/nspixp.png" alt="NSPIXPリンク"></a></li>
		    <li><a href="http://www.soi.wide.ad.jp/" class="line2 gogif" target="_blank"><img src="../img/share_banner05.gif" alt="SOIリンク"></a></li>
		    <li><a href="http://www.ai3.net/" class="line2 gogif" target="_blank"><img src="../img/share_banner04.gif" alt="AIIIリンク"></a></li>
		  </ul>
		</div>
	</div>
	<div class="footer">
	  &nbsp;&nbsp;<img src="../img/tate.gif" alt="">&nbsp;<a
	  href="../contact.html"><img src="../img/footer_contact.gif" alt="contact_link"></a>&nbsp;<img src="../img/tate.gif" alt="">&nbsp;<a
	  href="../copyright.html"><img src="../img/footer_copyright1.gif" alt="copyright_link"></a>&nbsp;<img src="../img/tate.gif" alt="">&nbsp;<a
	  href="../sitemap.html"><img src="../img/footer_sitemap.gif" alt="sitemap_link"></a>&nbsp;<img src="../img/tate.gif" alt="">
	  &nbsp;&nbsp;&nbsp;&nbsp;<img src="../img/footer_copyright2.gif" alt="copyright">
	  <img src="../img/wide_s.gif" alt="widelogo" id="footer">
	</div>	
	</div>
</body>
</html>
